<?xml version="1.0" encoding="UTF-8" standalone="no"?>
<createCaseHealthUpdate xmlns="urn:emergency:cisu:2.0:createCaseHealthUpdate">
  <caseId>fr.fire.cga-044.SC-20240526-044-cga-AL8</caseId>
  <decision>
    <patientId>fr.health.samu440.patient.DRFR154402414300123.1</patientId>
    <creation>2024-05-26T13:37:00+02:00</creation>
    <operator>
      <label>Emilie Martin</label>
      <role>MEDECIN</role>
    </operator>
    <decisionType>PASPLUS</decisionType>
  </decision>
  <freetext>Laissée sur place</freetext>
</createCaseHealthUpdate>
