<?xml version="1.0" encoding="UTF-8" standalone="no"?>
<createCaseHealth xmlns="urn:emergency:cisu:2.0:createCaseHealth">
  <caseId>fr.health.samu440.DRFR154402413800236</caseId>
  <senderCaseId>DRFR154402413800236</senderCaseId>
  <creation>2024-05-18T18:15:00+02:00</creation>
  <interventionType>PRIMAIRE</interventionType>
  <qualification>
    <origin>15</origin>
    <riskThreat>
      <code>R13</code>
      <label>Risque d'explosion, présence de gaz</label>
    </riskThreat>
    <whatsHappen>
      <code>C09.03.00</code>
      <label>Fuite de gaz</label>
    </whatsHappen>
    <locationKind>
      <code>L01.01.01</code>
      <label>Maison particulière, pavillon, à l'intérieur</label>
    </locationKind>
    <healthMotive>
      <code>M03.10</code>
      <label>Malaise avec perte de connaissance initiale</label>
    </healthMotive>
    <details>
      <attribution>DRM.SPE.TOXICOL</attribution>
      <priority>P1</priority>
    </details>
  </qualification>
  <location>
    <detailedAddress>
      <complete>3 Rue des Marins</complete>
      <number>3</number>
      <wayName>
        <complete>Rue des Marins</complete>
        <type>Rue</type>
        <name>Des Marins</name>
      </wayName>
    </detailedAddress>
    <city>
      <name>Bouaye</name>
      <inseeCode>44018</inseeCode>
    </city>
    <geometry>
      <datetime>2024-05-18T18:19:00+02:00</datetime>
      <point>
        <coord>
          <lat>47.146089</lat>
          <lon>-1.691374</lon>
          <precision>ADRESSE</precision>
        </coord>
      </point>
    </geometry>
    <freetext>Maison aux volets verts</freetext>
  </location>
  <initialAlert>
    <reception>2023-11-18T18:15:00+01:00</reception>
    <caller>
      <callerContact>
        <channel>PERSONNE</channel>
        <type>TEL</type>
        <detail>+33671830523</detail>
      </callerContact>
      <callbackContact>
        <channel>PERSONNE</channel>
        <type>TEL</type>
        <detail>+33671830523</detail>
      </callbackContact>
      <language>fr</language>
      <type>FAMILLE</type>
      <communication>AUCUNE</communication>
      <freetext>Mère des enfants</freetext>
      <detailedName>
        <complete>Marie Dubois</complete>
        <lastName>Dubois</lastName>
        <firstName>Marie</firstName>
      </detailedName>
    </caller>
  </initialAlert>
  <owner>fr.health.samu440</owner>
  <patient>
    <patientId>fr.health.samu440.patient.DRFR154402413800236.1</patientId>
    <identity>
      <strictFeatures>
        <birthDate>2011-05-11</birthDate>
        <sex>F</sex>
      </strictFeatures>
      <nonStrictFeatures>
        <complete>Alice Normand</complete>
        <lastName>Normand</lastName>
        <firstName>Alice</firstName>
      </nonStrictFeatures>
    </identity>
    <healthMotive>
      <code>M03.10</code>
      <label>Malaise avec perte de connaissance initiale</label>
    </healthMotive>
    <detail>
      <age>P13Y</age>
    </detail>
    <hypothesis>
      <mainDiagnosis>
        <code>T58</code>
        <label>Effet toxique du monoxyde de carbone</label>
      </mainDiagnosis>
    </hypothesis>
  </patient>
  <patient>
    <patientId>fr.health.samu440.patient.DRFR154402413800236.2</patientId>
    <identity>
      <strictFeatures>
        <birthDate>2013-11-03</birthDate>
        <sex>M</sex>
      </strictFeatures>
      <nonStrictFeatures>
        <complete>Grégoire Normand</complete>
        <lastName>Normand</lastName>
        <firstName>Grégoire</firstName>
      </nonStrictFeatures>
    </identity>
    <detail>
      <age>P11Y</age>
    </detail>
    <hypothesis>
      <mainDiagnosis>
        <code>T58</code>
        <label>Effet toxique du monoxyde de carbone</label>
      </mainDiagnosis>
    </hypothesis>
  </patient>
  <medicalNote>
    <patientId>fr.health.samu440.patient.DRFR154402413800236.2</patientId>
    <operator>
      <role>ARM</role>
    </operator>
    <medicalNoteId>fr.health.samu440.medicalNote.0001</medicalNoteId>
    <creation>2024-05-18T18:15:00+02:00</creation>
    <freetext>Asthmatique</freetext>
  </medicalNote>
  <decision>
    <creation>2024-05-18T18:19:00+02:00</creation>
    <operator>
      <role>MEDECIN</role>
    </operator>
    <decisionType>INTER</decisionType>
    <resourceType>SMUR</resourceType>
    <medicalTransport>true</medicalTransport>
  </decision>
  <decision>
    <creation>2024-05-18T18:20:00+02:00</creation>
    <operator>
      <role>MEDECIN</role>
    </operator>
    <decisionType>INTER</decisionType>
    <resourceType>SIS</resourceType>
  </decision>
</createCaseHealth>
